lena.jpg;fcd5f07e955c9ae01b3582f162306e468890208c14bb6503d99847c7a27b1487;f5;stego object created successfully;0:00:01.100847;lena.jpg.f5.1683665931.6438673.jpg;26217d0f1604473b60b587fa28037d753c8f7335272e79645eefcf012e839326;msg.txt;d6ec6898de87ddac6e5b3611708a7aa1c2d298293349cc1a6c299a1db7149d38;key;-q 80 -c "";None
frame.tif;caaae9fea2f9d8726cceb3d6f6f294760d3bfd92a9400e8bda14779da8e28e16;f5;stego object created successfully;0:00:00.263678;frame.tif.f5.1683665931.6438673.jpg;e3b0c44298fc1c149afbf4c8996fb92427ae41e4649b934ca495991b7852b855;msg.txt;d6ec6898de87ddac6e5b3611708a7aa1c2d298293349cc1a6c299a1db7149d38;key;-q 80 -c "";None
black_canvas.original.jpg;9deba99936891948b7ce4325375742ac2df6c8400fdea9c667baadc9349f61b6;f5;stego object created successfully;0:00:00.530667;black_canvas.original.jpg.f5.1683665931.6438673.jpg;e3b0c44298fc1c149afbf4c8996fb92427ae41e4649b934ca495991b7852b855;msg.txt;d6ec6898de87ddac6e5b3611708a7aa1c2d298293349cc1a6c299a1db7149d38;key;-q 80 -c "";None
00004.jpg;aad931de227f20fd5dcc3bcf07251199e124726a0165d903353ebf06666768f0;f5;stego object created successfully;0:00:00.632628;00004.jpg.f5.1683665931.6438673.jpg;abe1f399273b26a5269d65a2179e3865028409f6f5a3c5770e940c3c4356a6a5;msg.txt;d6ec6898de87ddac6e5b3611708a7aa1c2d298293349cc1a6c299a1db7149d38;key;-q 80 -c "";None
airplane.jpg;dbd6d2defe07003056e647e4346f137ff5950d9246356f6f681e38e332459d42;f5;stego object created successfully;0:00:00.652956;airplane.jpg.f5.1683665931.6438673.jpg;0771ed84d4fefc24d08bad10f7d8cc4725d7c370ccb14ab546dc93885c39d3da;msg.txt;d6ec6898de87ddac6e5b3611708a7aa1c2d298293349cc1a6c299a1db7149d38;key;-q 80 -c "";None
00001.jpg;6736b93a678be8fee00876bc8224b1ff7ae0aa4081ccc574948d4c7e172bd3f5;f5;stego object created successfully;0:00:00.655918;00001.jpg.f5.1683665931.6438673.jpg;348b4f6c8bffaf2899c8cdbcd78b2ef8d6490af112eed471aa4408471531a64b;msg.txt;d6ec6898de87ddac6e5b3611708a7aa1c2d298293349cc1a6c299a1db7149d38;key;-q 80 -c "";None
00008.jpg;8a3bf967e526ac16fe58fc11e72ffb79073c6f17f3471decce04816572fbc6cf;f5;stego object created successfully;0:00:00.578290;00008.jpg.f5.1683665931.6438673.jpg;a1c3ced867c35252af07b2f353a2c7ed2e8b86e9144e3093ef5436fa8ce817b1;msg.txt;d6ec6898de87ddac6e5b3611708a7aa1c2d298293349cc1a6c299a1db7149d38;key;-q 80 -c "";None
lowEntropyEbd-noKey.jpg;b1e70b8f6529752acf8646a61b0fff401ae34f2ed5a872b162273e3aba0ae09f;f5;stego object created successfully;0:00:00.634290;lowEntropyEbd-noKey.jpg.f5.1683665931.6438673.jpg;11dfa5cab55e1babd68b3c6dff41a728def7632116b1593e59326b0cfc386166;msg.txt;d6ec6898de87ddac6e5b3611708a7aa1c2d298293349cc1a6c299a1db7149d38;key;-q 80 -c "";None
longEbd-noKey.jpg;f279c8d648be1692c3327c3e0281bd4f568227fcac43a278b16217ae21afc2b4;f5;stego object created successfully;0:00:00.518768;longEbd-noKey.jpg.f5.1683665931.6438673.jpg;c1f8bbcf6a5a0e4f770f672eb5ec70c9add935a1b6f27a41eba5adba515822c4;msg.txt;d6ec6898de87ddac6e5b3611708a7aa1c2d298293349cc1a6c299a1db7149d38;key;-q 80 -c "";None
middleEbd-noKey.jpg;be6c4a89bb9727fe5be00b63c4fbbcaa46996705ed27807fe5b54705cbb359f3;f5;stego object created successfully;0:00:00.670661;middleEbd-noKey.jpg.f5.1683665931.6438673.jpg;77653a8d05db35097b08bb0e0b5a50e58a65149d4d54a3005f5bb8cef3293868;msg.txt;d6ec6898de87ddac6e5b3611708a7aa1c2d298293349cc1a6c299a1db7149d38;key;-q 80 -c "";None
baboon.jpg;c4ba070f23a96645f138880e20a18a1120a6e94f1547dd69fafb98b6863c09d9;f5;stego object created successfully;0:00:00.583079;baboon.jpg.f5.1683665931.6438673.jpg;740ebdd7a9b94442779100341e48bfb804a1693efa8d61d2cea0a49cf496e215;msg.txt;d6ec6898de87ddac6e5b3611708a7aa1c2d298293349cc1a6c299a1db7149d38;key;-q 80 -c "";None
animated.gif;32bd73dfd70fcd03a086f5c30d08cc61e2eca4d7aebb0b9ca47a6dac8b9bddcc;f5;stego object created successfully;0:00:00.544754;animated.gif.f5.1683665931.6438673.jpg;e2c6a10c5587f63ee677760dca1000e3edd8d196d915f575dce0d5e4ff532a57;msg.txt;d6ec6898de87ddac6e5b3611708a7aa1c2d298293349cc1a6c299a1db7149d38;key;-q 80 -c "";None
black_canvas.Hadar.image.jpg;8598cd11c16f54881933146b79707a6a6923323a3db0962a0944f34347bd0d22;f5;stego object created successfully;0:00:00.558311;black_canvas.Hadar.image.jpg.f5.1683665931.6438673.jpg;e3b0c44298fc1c149afbf4c8996fb92427ae41e4649b934ca495991b7852b855;msg.txt;d6ec6898de87ddac6e5b3611708a7aa1c2d298293349cc1a6c299a1db7149d38;key;-q 80 -c "";None
shortEbd-noKey.jpg;8479a97588843604a8e9b0547f0731292d376de5f66f3f5250970062d662913b;f5;stego object created successfully;0:00:00.603591;shortEbd-noKey.jpg.f5.1683665931.6438673.jpg;816ad4c588f5ead35869ce376f1387d6bf873468cc99788b23eecf023848f78d;msg.txt;d6ec6898de87ddac6e5b3611708a7aa1c2d298293349cc1a6c299a1db7149d38;key;-q 80 -c "";None
black_canvas.CAT.image.jpg;a4da2102a0a4052db2a5e04ae9859ae9ef0b778ecaeb1054cd2f8d2fe75f4bf7;f5;stego object created successfully;0:00:00.627891;black_canvas.CAT.image.jpg.f5.1683665931.6438673.jpg;e3b0c44298fc1c149afbf4c8996fb92427ae41e4649b934ca495991b7852b855;msg.txt;d6ec6898de87ddac6e5b3611708a7aa1c2d298293349cc1a6c299a1db7149d38;key;-q 80 -c "";None
00007.jpg;3adb850d27734861c0a6c82bce51964be8e23480e52666d71718057b185fa046;f5;stego object created successfully;0:00:00.656969;00007.jpg.f5.1683665931.6438673.jpg;67df75706954c80da6639648a48401f702988c3e766689028d446774332eec89;msg.txt;d6ec6898de87ddac6e5b3611708a7aa1c2d298293349cc1a6c299a1db7149d38;key;-q 80 -c "";None
binaryEbd-noKey.jpg;c41311f669f9a418c3aeb3d86a5351308b46c38a9cfb56a0dfd6cc22c2e89eb6;f5;stego object created successfully;0:00:00.614409;binaryEbd-noKey.jpg.f5.1683665931.6438673.jpg;20e1d732d14bc9afe44b51258b737a14e68d7bd4049eb8ee5d9555d7d051ba9d;msg.txt;d6ec6898de87ddac6e5b3611708a7aa1c2d298293349cc1a6c299a1db7149d38;key;-q 80 -c "";None
00017.jpg;692a9880ff907a6221e42e3c11f70169a296595bbe5b575c03dcca4ec56254d5;f5;stego object created successfully;0:00:00.589136;00017.jpg.f5.1683665931.6438673.jpg;faf255d5522f2cb2c227e8a07b087db0cdac33b5efbdc6da685a062e5fdaf012;msg.txt;d6ec6898de87ddac6e5b3611708a7aa1c2d298293349cc1a6c299a1db7149d38;key;-q 80 -c "";None
original.jpg;02d787c6f0f662173d527cce75badba9623a3405346a6a2141bd4283ec5674af;f5;stego object created successfully;0:00:00.585596;original.jpg.f5.1683665931.6438673.jpg;56f5181d8459a1305e1716b5bf48e2e89b0fb05c975b828b89885c3478736e57;msg.txt;d6ec6898de87ddac6e5b3611708a7aa1c2d298293349cc1a6c299a1db7149d38;key;-q 80 -c "";None
black_canvas.CAT.text.jpg;49bb272ebabdd8953b27600bb6d261183b91c13579a3ec1e11602e6254ec2925;f5;stego object created successfully;0:00:00.655552;black_canvas.CAT.text.jpg.f5.1683665931.6438673.jpg;e3b0c44298fc1c149afbf4c8996fb92427ae41e4649b934ca495991b7852b855;msg.txt;d6ec6898de87ddac6e5b3611708a7aa1c2d298293349cc1a6c299a1db7149d38;key;-q 80 -c "";None
black_canvas.Hadar.text.jpg;b69c89c58ff45e853919a92da93e48e2911ba2dbf52fe2579f2fc72bda8ae75b;f5;stego object created successfully;0:00:00.547363;black_canvas.Hadar.text.jpg.f5.1683665931.6438673.jpg;e3b0c44298fc1c149afbf4c8996fb92427ae41e4649b934ca495991b7852b855;msg.txt;d6ec6898de87ddac6e5b3611708a7aa1c2d298293349cc1a6c299a1db7149d38;key;-q 80 -c "";None
