00066.jpg;ff43c9863d017f7d34cc63b3e9d09dcd2e8f9feebb45a004b2bab68ef68ad3d4;jphide;stego object created successfully;0:00:00.006466;00066.jpg.jphide.1685305434.1933742.jpg;da155ad1907f491e5484dcfbd86bc770a953ab80744de2a613d9a9158d9ac0db;msg.txt;d6ec6898de87ddac6e5b3611708a7aa1c2d298293349cc1a6c299a1db7149d38;key;jphide 00066.jpg 00066.jpg.jphide.1685305434.1933742.jpg msg.txt key;None
00011.jpg;887f36725484e1bfcc32264a262865ea37f89fbf76b81c12280ee06b54b45aad;jphide;stego object created successfully;0:00:00.003628;00011.jpg.jphide.1685305434.1933742.jpg;4cbdefb5a19bf326585950743e4245dfd640d7a45f275596b0d7c1dea0e14f5c;msg.txt;d6ec6898de87ddac6e5b3611708a7aa1c2d298293349cc1a6c299a1db7149d38;key;jphide 00011.jpg 00011.jpg.jphide.1685305434.1933742.jpg msg.txt key;None
00045.jpg;2c38f77f1b3f0dfc71f3166e191d555562332561187bc92bcf0709df3fb0fb03;jphide;stego object created successfully;0:00:00.003140;00045.jpg.jphide.1685305434.1933742.jpg;0fdec5d1fc326469a3c3ec487714d9941a67a66e984d401792c27f3b20cf997c;msg.txt;d6ec6898de87ddac6e5b3611708a7aa1c2d298293349cc1a6c299a1db7149d38;key;jphide 00045.jpg 00045.jpg.jphide.1685305434.1933742.jpg msg.txt key;None
00087.jpg;26a07d52d3bb072961f89eeabe179babf3c9b9439a06486c22f5092d60035010;jphide;stego object created successfully;0:00:00.007339;00087.jpg.jphide.1685305434.1933742.jpg;a9a29ba57d1a651eeafda8610ab045749f925f4c364e9d2ccf52ca8020a590a0;msg.txt;d6ec6898de87ddac6e5b3611708a7aa1c2d298293349cc1a6c299a1db7149d38;key;jphide 00087.jpg 00087.jpg.jphide.1685305434.1933742.jpg msg.txt key;None
00022.jpg;662246884b28c40a4c2e7e770256443407e7a195a7a2740a9ad750e2615aaedc;jphide;stego object created successfully;0:00:00.005307;00022.jpg.jphide.1685305434.1933742.jpg;4c6febda33245d8facc35dc53a1b845906fbb00e3d32f8ea03dc44fe8e4bc737;msg.txt;d6ec6898de87ddac6e5b3611708a7aa1c2d298293349cc1a6c299a1db7149d38;key;jphide 00022.jpg 00022.jpg.jphide.1685305434.1933742.jpg msg.txt key;None
00102.jpg;1d63d4ca77c8c9165f78367a08b8c37b4b061a76c9baaaaa47e5887560ca0744;jphide;stego object created successfully;0:00:00.003674;00102.jpg.jphide.1685305434.1933742.jpg;924c772d2a42adaf49a48c767e56ed26c4f30eedac736060f6a60efe01098745;msg.txt;d6ec6898de87ddac6e5b3611708a7aa1c2d298293349cc1a6c299a1db7149d38;key;jphide 00102.jpg 00102.jpg.jphide.1685305434.1933742.jpg msg.txt key;None
00075.jpg;e05a62e97474f8ad62b6e33041a2569c9b7be57ba2e961a7b9b517ff36bdae9c;jphide;stego object created successfully;0:00:00.002423;00075.jpg.jphide.1685305434.1933742.jpg;452c5fb88a5ec1743c3a9c5f56df82a2b54edd951744f6f4ba9c45569a2159ac;msg.txt;d6ec6898de87ddac6e5b3611708a7aa1c2d298293349cc1a6c299a1db7149d38;key;jphide 00075.jpg 00075.jpg.jphide.1685305434.1933742.jpg msg.txt key;None
00047.jpg;f28173364af2f59e30151827990854255404e4b0a3b1d31197e4759b15341ce0;jphide;stego object created successfully;0:00:00.003096;00047.jpg.jphide.1685305434.1933742.jpg;c5417969b6c1844fa27058bfa312111599ebdeb774c52254d75ac77db524006a;msg.txt;d6ec6898de87ddac6e5b3611708a7aa1c2d298293349cc1a6c299a1db7149d38;key;jphide 00047.jpg 00047.jpg.jphide.1685305434.1933742.jpg msg.txt key;None
00074.jpg;7cae537063dadff6bd276bdbea66c95a08124adec8881fbf54c3fa104b7d61c5;jphide;stego object created successfully;0:00:00.003279;00074.jpg.jphide.1685305434.1933742.jpg;550ecfd55e82a119978cd997e9ac2d31d1299563601d62b62784d3c5cc0a1987;msg.txt;d6ec6898de87ddac6e5b3611708a7aa1c2d298293349cc1a6c299a1db7149d38;key;jphide 00074.jpg 00074.jpg.jphide.1685305434.1933742.jpg msg.txt key;None
00009.jpg;dc5708b39146aa009eda517bc66e92443979a3a26ee8136e1af842e17f8659bb;jphide;stego object created successfully;0:00:00.003229;00009.jpg.jphide.1685305434.1933742.jpg;3c8fc16ee695b2912d2f5a9c9f991342afe5b05f5c98db67cf8727e544163530;msg.txt;d6ec6898de87ddac6e5b3611708a7aa1c2d298293349cc1a6c299a1db7149d38;key;jphide 00009.jpg 00009.jpg.jphide.1685305434.1933742.jpg msg.txt key;None
00026.jpg;efc6c97d2fbadcc939b87c80012790def40daf7788425326cde40dd9e4c89cca;jphide;stego object created successfully;0:00:00.003332;00026.jpg.jphide.1685305434.1933742.jpg;8d26356a069c7b100c5652c3e6d61dc38f26016f50c32a544eec9d988d13ecd5;msg.txt;d6ec6898de87ddac6e5b3611708a7aa1c2d298293349cc1a6c299a1db7149d38;key;jphide 00026.jpg 00026.jpg.jphide.1685305434.1933742.jpg msg.txt key;None
00057.jpg;5133bc7f5576dc8507e3900c17418f3cd3d3cfc6eb67f1479fbc6bb19349d460;jphide;stego object created successfully;0:00:00.003618;00057.jpg.jphide.1685305434.1933742.jpg;3654a3e7d301ca2f146270bf03f19539580a7b40f4f6edee1abc92aa7449d5ca;msg.txt;d6ec6898de87ddac6e5b3611708a7aa1c2d298293349cc1a6c299a1db7149d38;key;jphide 00057.jpg 00057.jpg.jphide.1685305434.1933742.jpg msg.txt key;None
00089.jpg;c3f8b1708eb52c9caabb61c45ac7c4ba99c9cbfd26468ce3f90401dd355639d5;jphide;stego object created successfully;0:00:00.004187;00089.jpg.jphide.1685305434.1933742.jpg;967ad5f0862207f36e92af964868a958278e4238a5227ae156ae65e2f117bb0c;msg.txt;d6ec6898de87ddac6e5b3611708a7aa1c2d298293349cc1a6c299a1db7149d38;key;jphide 00089.jpg 00089.jpg.jphide.1685305434.1933742.jpg msg.txt key;None
00028.jpg;5c9ad737739966bcc4269faad14f48375725d9b9f3d842473273371f7c107725;jphide;stego object created successfully;0:00:00.003962;00028.jpg.jphide.1685305434.1933742.jpg;e11993b8dd9fc7731ff82edc45f1440772b0f2613564858a8077ac7bef5bae02;msg.txt;d6ec6898de87ddac6e5b3611708a7aa1c2d298293349cc1a6c299a1db7149d38;key;jphide 00028.jpg 00028.jpg.jphide.1685305434.1933742.jpg msg.txt key;None
00077.jpg;6259083fbb4e3ecaca72f1bf09befc7687fd3f3a36a63a0a49aa562cd2a8166d;jphide;stego object created successfully;0:00:00.004920;00077.jpg.jphide.1685305434.1933742.jpg;b1227d616ca3602fed78376a7b57d39533b1a6e6b0725b3c4f7466beaf4291f5;msg.txt;d6ec6898de87ddac6e5b3611708a7aa1c2d298293349cc1a6c299a1db7149d38;key;jphide 00077.jpg 00077.jpg.jphide.1685305434.1933742.jpg msg.txt key;None
00070.jpg;c65d86797f304d031d688ccf9d1dc53294c69884dbea1af6f7d539ddad9a824e;jphide;stego object created successfully;0:00:00.002661;00070.jpg.jphide.1685305434.1933742.jpg;aadef8d5b024c35d5f3792f98a7918884b63f80afb998fe5d2daf47ffafe986d;msg.txt;d6ec6898de87ddac6e5b3611708a7aa1c2d298293349cc1a6c299a1db7149d38;key;jphide 00070.jpg 00070.jpg.jphide.1685305434.1933742.jpg msg.txt key;None
00016.jpg;424992d78e497034ec8cd821aa0b188a5bf5592a32af0d18abdcf36ca7118e1c;jphide;stego object created successfully;0:00:00.002901;00016.jpg.jphide.1685305434.1933742.jpg;a4c8467ef3e7f9def6f7357902403a3d6da8f3735b487f660433e1e4e6843ae6;msg.txt;d6ec6898de87ddac6e5b3611708a7aa1c2d298293349cc1a6c299a1db7149d38;key;jphide 00016.jpg 00016.jpg.jphide.1685305434.1933742.jpg msg.txt key;None
00005.jpg;627397230faee1895af7eb3b7a5eb7082f381f9a973d8fbbe307670b1cc49fcb;jphide;stego object created successfully;0:00:00.004599;00005.jpg.jphide.1685305434.1933742.jpg;6cdf8d4a887dd03a71c652f562ab30c8f9037c86486e76cb7a38b102802eca1f;msg.txt;d6ec6898de87ddac6e5b3611708a7aa1c2d298293349cc1a6c299a1db7149d38;key;jphide 00005.jpg 00005.jpg.jphide.1685305434.1933742.jpg msg.txt key;None
00019.jpg;58f5ddbf66ee4220b942e6ae02d429481ea13fb1bee3854f31ceb0ce4127386f;jphide;stego object created successfully;0:00:00.005406;00019.jpg.jphide.1685305434.1933742.jpg;383b9f5575f5dc034d04a7c9c8ddde89fabb8171dabc7d2f9b13b00ec310b031;msg.txt;d6ec6898de87ddac6e5b3611708a7aa1c2d298293349cc1a6c299a1db7149d38;key;jphide 00019.jpg 00019.jpg.jphide.1685305434.1933742.jpg msg.txt key;None
00021.jpg;93fcbaf8e4b056a52b63f5bdc147278e44dbd390348956861ca871085c15779c;jphide;stego object created successfully;0:00:00.005102;00021.jpg.jphide.1685305434.1933742.jpg;847b44c21c94d78d22a6afe858ef2463e706635f297ad7714412757f937b2dcd;msg.txt;d6ec6898de87ddac6e5b3611708a7aa1c2d298293349cc1a6c299a1db7149d38;key;jphide 00021.jpg 00021.jpg.jphide.1685305434.1933742.jpg msg.txt key;None
00007.jpg;3adb850d27734861c0a6c82bce51964be8e23480e52666d71718057b185fa046;jphide;stego object created successfully;0:00:00.003668;00007.jpg.jphide.1685305434.1933742.jpg;6ea2cbfb08d3de66ae2a0eb4d7916abbd0e2421b3bd91f01355c8d7c3e55e00c;msg.txt;d6ec6898de87ddac6e5b3611708a7aa1c2d298293349cc1a6c299a1db7149d38;key;jphide 00007.jpg 00007.jpg.jphide.1685305434.1933742.jpg msg.txt key;None
00035.jpg;8d8961b3c20101d03e4d24ec695789a4bacf7a0ac40bb4e6c2542d2b7d5abd6b;jphide;stego object created successfully;0:00:00.003731;00035.jpg.jphide.1685305434.1933742.jpg;a9f939a5a6a7edd58858b9b6c744d3272a01f333f267c0bf51b0648cd4227f1f;msg.txt;d6ec6898de87ddac6e5b3611708a7aa1c2d298293349cc1a6c299a1db7149d38;key;jphide 00035.jpg 00035.jpg.jphide.1685305434.1933742.jpg msg.txt key;None
00064.jpg;57ee8bf446adef4925afc3b1f65824cfd1055fdd10c04dbfdd7a741a8809825b;jphide;stego object created successfully;0:00:00.004978;00064.jpg.jphide.1685305434.1933742.jpg;8b68d45d6ef57af51775b097253fd95b704c94f1773b0bdfc2b4b7362affd55c;msg.txt;d6ec6898de87ddac6e5b3611708a7aa1c2d298293349cc1a6c299a1db7149d38;key;jphide 00064.jpg 00064.jpg.jphide.1685305434.1933742.jpg msg.txt key;None
00059.jpg;b110b0ae2e438bf84b7a78720d155760a4bb6079f7563b8d7d46777769e98b0f;jphide;stego object created successfully;0:00:00.003321;00059.jpg.jphide.1685305434.1933742.jpg;bd638c14bd756c00499b755472b385e3232d9e9a8c1879d1f915a9c44df2ac29;msg.txt;d6ec6898de87ddac6e5b3611708a7aa1c2d298293349cc1a6c299a1db7149d38;key;jphide 00059.jpg 00059.jpg.jphide.1685305434.1933742.jpg msg.txt key;None
00083.jpg;6cf5fde5b589d10528b2a49c6c8ed45babec830840104ceba746ae7519029cb4;jphide;stego object created successfully;0:00:00.003111;00083.jpg.jphide.1685305434.1933742.jpg;7f1c730106152bb13c052b40e1791ba630f85b369f66fc3deee9a280a704a917;msg.txt;d6ec6898de87ddac6e5b3611708a7aa1c2d298293349cc1a6c299a1db7149d38;key;jphide 00083.jpg 00083.jpg.jphide.1685305434.1933742.jpg msg.txt key;None
00104.jpg;daefb64f2ca2e4d446f370393a3110c97d3f785559410e854d8ab90247199054;jphide;stego object created successfully;0:00:00.003324;00104.jpg.jphide.1685305434.1933742.jpg;a05e273588e3aca5162c11f852b17ba29ca3dd37a2a0be0860952209f85a2e6d;msg.txt;d6ec6898de87ddac6e5b3611708a7aa1c2d298293349cc1a6c299a1db7149d38;key;jphide 00104.jpg 00104.jpg.jphide.1685305434.1933742.jpg msg.txt key;None
00020.jpg;d4a7c5419e9440aab0b2c845f0ece750e110d567fb26082a016b539e113ac56e;jphide;stego object created successfully;0:00:00.002610;00020.jpg.jphide.1685305434.1933742.jpg;fa0540702299a20cdebeea41666f9402167c39ea7ae4cfb97df82857000a9fbd;msg.txt;d6ec6898de87ddac6e5b3611708a7aa1c2d298293349cc1a6c299a1db7149d38;key;jphide 00020.jpg 00020.jpg.jphide.1685305434.1933742.jpg msg.txt key;None
00082.jpg;115e29ef2967c8658e31d9987d3485ee58a6ca08417a4542525143713d4de2da;jphide;stego object created successfully;0:00:00.005422;00082.jpg.jphide.1685305434.1933742.jpg;90a5c2435eceec8ab47998ce592b51f41c55a62120bf6acc4d25f0ef09ba0f56;msg.txt;d6ec6898de87ddac6e5b3611708a7aa1c2d298293349cc1a6c299a1db7149d38;key;jphide 00082.jpg 00082.jpg.jphide.1685305434.1933742.jpg msg.txt key;None
00042.jpg;e1ff5e548702d291beaceb02bd09afce7ad5ba4ce3bb6d163d8673b9eac0528f;jphide;stego object created successfully;0:00:00.002445;00042.jpg.jphide.1685305434.1933742.jpg;88b62e5a9df080f64ed7b8e6e9679898095d9b9d0b56c068a75c9cd20450c72f;msg.txt;d6ec6898de87ddac6e5b3611708a7aa1c2d298293349cc1a6c299a1db7149d38;key;jphide 00042.jpg 00042.jpg.jphide.1685305434.1933742.jpg msg.txt key;None
00004.jpg;aad931de227f20fd5dcc3bcf07251199e124726a0165d903353ebf06666768f0;jphide;stego object created successfully;0:00:00.006160;00004.jpg.jphide.1685305434.1933742.jpg;55d8ed79b38c65b7d5b937fabecbbebd2eeb6fcf0087132d84bbac9fdb284d8e;msg.txt;d6ec6898de87ddac6e5b3611708a7aa1c2d298293349cc1a6c299a1db7149d38;key;jphide 00004.jpg 00004.jpg.jphide.1685305434.1933742.jpg msg.txt key;None
00060.jpg;bf404510637f6621c58f0cd4d9e8c1e9d9f67a50de56d30fbbecf6d5428e98fa;jphide;stego object created successfully;0:00:00.004680;00060.jpg.jphide.1685305434.1933742.jpg;e5aad61a4606a09228ff2351af4a99c39a7d138e30d4a59fbf7262b5a13b1491;msg.txt;d6ec6898de87ddac6e5b3611708a7aa1c2d298293349cc1a6c299a1db7149d38;key;jphide 00060.jpg 00060.jpg.jphide.1685305434.1933742.jpg msg.txt key;None
00092.jpg;feb7fad46d760354ff211037e54cc2edb3f3942681565937d6f6b22408259f06;jphide;stego object created successfully;0:00:00.003765;00092.jpg.jphide.1685305434.1933742.jpg;18d7ff3260e74ecbb7cafa683ac81009962ad6ce6ee394e8896e22430a9cad1c;msg.txt;d6ec6898de87ddac6e5b3611708a7aa1c2d298293349cc1a6c299a1db7149d38;key;jphide 00092.jpg 00092.jpg.jphide.1685305434.1933742.jpg msg.txt key;None
00053.jpg;e1cd698f0a4db56da0f79af92ef5c2a7ec0b0a23eb472ef0a1f9f2efc32758f4;jphide;stego object created successfully;0:00:00.003047;00053.jpg.jphide.1685305434.1933742.jpg;fe6fa5b57b9289f1f302d56063a577e5c3a331aaf460eefcaa0a4487c87fadba;msg.txt;d6ec6898de87ddac6e5b3611708a7aa1c2d298293349cc1a6c299a1db7149d38;key;jphide 00053.jpg 00053.jpg.jphide.1685305434.1933742.jpg msg.txt key;None
00001.jpg;6736b93a678be8fee00876bc8224b1ff7ae0aa4081ccc574948d4c7e172bd3f5;jphide;stego object created successfully;0:00:00.004306;00001.jpg.jphide.1685305434.1933742.jpg;01482dca0596634ee5d779082195cf7f42bcd4b2e925725a5ca9efc63b258caa;msg.txt;d6ec6898de87ddac6e5b3611708a7aa1c2d298293349cc1a6c299a1db7149d38;key;jphide 00001.jpg 00001.jpg.jphide.1685305434.1933742.jpg msg.txt key;None
00096.jpg;0f1f7504134cddc8252767296f9f04aecf328ca7e829270af69e303195a3e092;jphide;stego object created successfully;0:00:00.005737;00096.jpg.jphide.1685305434.1933742.jpg;933ba266dbf8095e49ef35fd4d4f0b1f746e8597a940ae7576b9a88af9a94d43;msg.txt;d6ec6898de87ddac6e5b3611708a7aa1c2d298293349cc1a6c299a1db7149d38;key;jphide 00096.jpg 00096.jpg.jphide.1685305434.1933742.jpg msg.txt key;None
00032.jpg;a7299c02a07e47fb5775bc65ba0fbeca78eb0ba41bd09b512f24719a60c088ab;jphide;stego object created successfully;0:00:00.005985;00032.jpg.jphide.1685305434.1933742.jpg;971b4819ea79a6c0026bdeb05b4281eac8daee507e0d645299c3c5b7b7591ad1;msg.txt;d6ec6898de87ddac6e5b3611708a7aa1c2d298293349cc1a6c299a1db7149d38;key;jphide 00032.jpg 00032.jpg.jphide.1685305434.1933742.jpg msg.txt key;None
00086.jpg;24b33632dad332a67db0faf32409655bfbd8d31e1524713139d93cae07482557;jphide;stego object created successfully;0:00:00.004672;00086.jpg.jphide.1685305434.1933742.jpg;de9fa42f0eb99db42d18729a6741b5e801e867e987fb8c3e5dca77253071f9d4;msg.txt;d6ec6898de87ddac6e5b3611708a7aa1c2d298293349cc1a6c299a1db7149d38;key;jphide 00086.jpg 00086.jpg.jphide.1685305434.1933742.jpg msg.txt key;None
00038.jpg;2f043984015798a6ae50582962ca97b57534d2675e332e67da3df775379e9a75;jphide;stego object created successfully;0:00:00.002899;00038.jpg.jphide.1685305434.1933742.jpg;4e196bf75e0aa68c674a010df317d2a2781373eaf6c1c12ffd117dc1508483f9;msg.txt;d6ec6898de87ddac6e5b3611708a7aa1c2d298293349cc1a6c299a1db7149d38;key;jphide 00038.jpg 00038.jpg.jphide.1685305434.1933742.jpg msg.txt key;None
00094.jpg;4dd339938eea050b9279dead3dc3ca48c4a3fea2b45e3d4eda3bca4ab8618bdd;jphide;stego object created successfully;0:00:00.004287;00094.jpg.jphide.1685305434.1933742.jpg;d02c44a25f93e723c375ca005ec154781c4f8ea3018d791294e6a88a01210b6f;msg.txt;d6ec6898de87ddac6e5b3611708a7aa1c2d298293349cc1a6c299a1db7149d38;key;jphide 00094.jpg 00094.jpg.jphide.1685305434.1933742.jpg msg.txt key;None
00101.jpg;39ff12c6a94ce64ef4d147183fbecfbb278f1c1b9bdbdfcb2ef3939528b46280;jphide;stego object created successfully;0:00:00.003343;00101.jpg.jphide.1685305434.1933742.jpg;fb10dcccfa1455265e5152215ef7af18db2391f3953037c6f93f97681a1df49a;msg.txt;d6ec6898de87ddac6e5b3611708a7aa1c2d298293349cc1a6c299a1db7149d38;key;jphide 00101.jpg 00101.jpg.jphide.1685305434.1933742.jpg msg.txt key;None
00033.jpg;f0232f9ac2782c80fcec4e3cd81d31861112524f8bbd415eba588e67e7064fc4;jphide;stego object created successfully;0:00:00.004018;00033.jpg.jphide.1685305434.1933742.jpg;404582f4e24e086620421903206b934d2f173735d4c9c86262dc4bfbe2a49988;msg.txt;d6ec6898de87ddac6e5b3611708a7aa1c2d298293349cc1a6c299a1db7149d38;key;jphide 00033.jpg 00033.jpg.jphide.1685305434.1933742.jpg msg.txt key;None
00091.jpg;b774c7dfd5e81207587bcbd92032c8ed67f326eed897c4b863c27b7ea49eb03a;jphide;stego object created successfully;0:00:00.004220;00091.jpg.jphide.1685305434.1933742.jpg;3a387a79ec3f41341f9c47670af0ed6c61b50ff31863fdb726126ad5091e6383;msg.txt;d6ec6898de87ddac6e5b3611708a7aa1c2d298293349cc1a6c299a1db7149d38;key;jphide 00091.jpg 00091.jpg.jphide.1685305434.1933742.jpg msg.txt key;None
00044.jpg;b782b5e4243e642432adf473e772f5698e3a2ae61c005475ac4348a4452a8365;jphide;stego object created successfully;0:00:00.006187;00044.jpg.jphide.1685305434.1933742.jpg;1606065d06e5d51af7156b32d81c9e64bcccd6798befb25f3f451fd7c7674ef8;msg.txt;d6ec6898de87ddac6e5b3611708a7aa1c2d298293349cc1a6c299a1db7149d38;key;jphide 00044.jpg 00044.jpg.jphide.1685305434.1933742.jpg msg.txt key;None
00071.jpg;bf5d061e4082337bb6fde0531cd5e2646e089b68796ca5b51a9e11ec541d4b2a;jphide;stego object created successfully;0:00:00.003376;00071.jpg.jphide.1685305434.1933742.jpg;ef7f87ac01064b580d290b5159844d497d3f918ed2a9707ab2eb6bb837245d8a;msg.txt;d6ec6898de87ddac6e5b3611708a7aa1c2d298293349cc1a6c299a1db7149d38;key;jphide 00071.jpg 00071.jpg.jphide.1685305434.1933742.jpg msg.txt key;None
00084.jpg;33c24bce67f95a056495ef5c98abac6ebb7ecad2030441b337e08f1d1635fe7f;jphide;stego object created successfully;0:00:00.004828;00084.jpg.jphide.1685305434.1933742.jpg;3a92c06740ac503d274ea3622836dcc2ed5d51f5fec79a7299f77d963ff7099e;msg.txt;d6ec6898de87ddac6e5b3611708a7aa1c2d298293349cc1a6c299a1db7149d38;key;jphide 00084.jpg 00084.jpg.jphide.1685305434.1933742.jpg msg.txt key;None
00002.jpg;f3686b40fbfa0ad87cbae74f65fd6244d6c2ed180fdd966bf1997fc14ce87a96;jphide;stego object created successfully;0:00:00.005937;00002.jpg.jphide.1685305434.1933742.jpg;f9a0e2f66256af5cd3a093c1081afb4fbb5adc27efdc8880a649c5496b958ca1;msg.txt;d6ec6898de87ddac6e5b3611708a7aa1c2d298293349cc1a6c299a1db7149d38;key;jphide 00002.jpg 00002.jpg.jphide.1685305434.1933742.jpg msg.txt key;None
00036.jpg;89089771ee548ad5068bdd5e51d60d79735ab56668ddbd195e8c123f530df4bc;jphide;stego object created successfully;0:00:00.006893;00036.jpg.jphide.1685305434.1933742.jpg;b1a8c2fbdafddc8038ca3b03a139c6daf266c78770f1b340629ad29cdd4cac8d;msg.txt;d6ec6898de87ddac6e5b3611708a7aa1c2d298293349cc1a6c299a1db7149d38;key;jphide 00036.jpg 00036.jpg.jphide.1685305434.1933742.jpg msg.txt key;None
00103.jpg;dd9d84bc45e189adbe7238d2683ddef123806a7a1e0eb82494e07baa46b72679;jphide;stego object created successfully;0:00:00.003693;00103.jpg.jphide.1685305434.1933742.jpg;7d07ae951f2f07ff035acab732032e03f46d051964519021f3741dd87dd66ff7;msg.txt;d6ec6898de87ddac6e5b3611708a7aa1c2d298293349cc1a6c299a1db7149d38;key;jphide 00103.jpg 00103.jpg.jphide.1685305434.1933742.jpg msg.txt key;None
00008.jpg;8a3bf967e526ac16fe58fc11e72ffb79073c6f17f3471decce04816572fbc6cf;jphide;stego object created successfully;0:00:00.004023;00008.jpg.jphide.1685305434.1933742.jpg;5cf1236972c241b23d0af5d9c5c7022bba6d66801909ed1a7071ef4bef3a8c2f;msg.txt;d6ec6898de87ddac6e5b3611708a7aa1c2d298293349cc1a6c299a1db7149d38;key;jphide 00008.jpg 00008.jpg.jphide.1685305434.1933742.jpg msg.txt key;None
00029.jpg;64c7d44a362b8fc2e7ab306b29f8cbeee4a9dcbc4c556c94a3513a230dae0757;jphide;stego object created successfully;0:00:00.002524;00029.jpg.jphide.1685305434.1933742.jpg;9464b5f714b99f7593c8cd7c822c81b37edd894c5074397accdf041b11f77b70;msg.txt;d6ec6898de87ddac6e5b3611708a7aa1c2d298293349cc1a6c299a1db7149d38;key;jphide 00029.jpg 00029.jpg.jphide.1685305434.1933742.jpg msg.txt key;None
00068.jpg;1cd659d6e607cc24c7a132bf8d37b61027c2faa4e14c28890e02e9cd939f4c0e;jphide;stego object created successfully;0:00:00.005126;00068.jpg.jphide.1685305434.1933742.jpg;ade45aa3353b409da99697ba79de2a9d6a61e99f238064085c0f1e7c5ddd834a;msg.txt;d6ec6898de87ddac6e5b3611708a7aa1c2d298293349cc1a6c299a1db7149d38;key;jphide 00068.jpg 00068.jpg.jphide.1685305434.1933742.jpg msg.txt key;None
00100.jpg;3d3ab9b1bc7efeacc32e273d71e03636c63af7eebb7c306ad1b4ea15af53018f;jphide;stego object created successfully;0:00:00.003505;00100.jpg.jphide.1685305434.1933742.jpg;dba215847b8da5d64b5bdcb655757faf508b046193c5a729f02ce5d76cce4b15;msg.txt;d6ec6898de87ddac6e5b3611708a7aa1c2d298293349cc1a6c299a1db7149d38;key;jphide 00100.jpg 00100.jpg.jphide.1685305434.1933742.jpg msg.txt key;None
00088.jpg;a49c0166b7412af201fa47110dce31f3059744cc3fba4f17906e0a372274877f;jphide;stego object created successfully;0:00:00.005547;00088.jpg.jphide.1685305434.1933742.jpg;5631bbf56fb7291c3fb2f912213e985e80c13ed43dae81e486fe5a1b26dd7bec;msg.txt;d6ec6898de87ddac6e5b3611708a7aa1c2d298293349cc1a6c299a1db7149d38;key;jphide 00088.jpg 00088.jpg.jphide.1685305434.1933742.jpg msg.txt key;None
00078.jpg;bcf64a97fb6dd32d1b7491db0247b323d1cff3285be542d7ebb8efb952455b7a;jphide;stego object created successfully;0:00:00.003503;00078.jpg.jphide.1685305434.1933742.jpg;7606f215ac8cf7ffcd61cc17560fc8f8e8cac236f5f917000bf46c7fdb0325fe;msg.txt;d6ec6898de87ddac6e5b3611708a7aa1c2d298293349cc1a6c299a1db7149d38;key;jphide 00078.jpg 00078.jpg.jphide.1685305434.1933742.jpg msg.txt key;None
00090.jpg;aea036f0073133343e695392ca654da9a366768e62c9d8f0c8d19ecd256b7777;jphide;stego object created successfully;0:00:00.003927;00090.jpg.jphide.1685305434.1933742.jpg;d9e75717b441c5c3ee6d84d397fa0fd9ad9bbfb457ef16ccaa0c29b3e1a2b3ff;msg.txt;d6ec6898de87ddac6e5b3611708a7aa1c2d298293349cc1a6c299a1db7149d38;key;jphide 00090.jpg 00090.jpg.jphide.1685305434.1933742.jpg msg.txt key;None
00027.jpg;81ee8e6a59c841af8bb3ee1902a4b95959e941c67d14fa6bcf442b6b3264098b;jphide;stego object created successfully;0:00:00.004389;00027.jpg.jphide.1685305434.1933742.jpg;61b7306adc6305e60522bacf43159564889b71c2e5bee4a10899f9b1eabd3e7b;msg.txt;d6ec6898de87ddac6e5b3611708a7aa1c2d298293349cc1a6c299a1db7149d38;key;jphide 00027.jpg 00027.jpg.jphide.1685305434.1933742.jpg msg.txt key;None
00056.jpg;f9c3675300740350de6d817f20396b0630cc7a5cc4ee213233a1c5ba397b40e8;jphide;stego object created successfully;0:00:00.005246;00056.jpg.jphide.1685305434.1933742.jpg;7ae9afeb9027dc6982daf3837752f21c2aae564f7369cf9bf0dab53121e916f5;msg.txt;d6ec6898de87ddac6e5b3611708a7aa1c2d298293349cc1a6c299a1db7149d38;key;jphide 00056.jpg 00056.jpg.jphide.1685305434.1933742.jpg msg.txt key;None
00110.jpg;b5b7988c7bdb467c92a6951316f192505f719362a4d82c12c67dd259a61aedfa;jphide;stego object created successfully;0:00:00.004796;00110.jpg.jphide.1685305434.1933742.jpg;44eb0c268aadec689c2684fccc21bb9c0c5437a1522e20eea709e6969616f7a7;msg.txt;d6ec6898de87ddac6e5b3611708a7aa1c2d298293349cc1a6c299a1db7149d38;key;jphide 00110.jpg 00110.jpg.jphide.1685305434.1933742.jpg msg.txt key;None
00018.jpg;f6917e713a22f10ead3e629a19338dc176b6144a7a26a9c098c193c11f8e94e6;jphide;stego object created successfully;0:00:00.003798;00018.jpg.jphide.1685305434.1933742.jpg;b96e20563318e183f74e5c5835b27a149e503f074e88a75a20bfd3a1aaedeada;msg.txt;d6ec6898de87ddac6e5b3611708a7aa1c2d298293349cc1a6c299a1db7149d38;key;jphide 00018.jpg 00018.jpg.jphide.1685305434.1933742.jpg msg.txt key;None
00054.jpg;bf574a181caca0b246c928cc80835a5fe4490ea9bb0ea314aa7ceb115c09316e;jphide;stego object created successfully;0:00:00.002286;00054.jpg.jphide.1685305434.1933742.jpg;5383bd74b8c55091012ae14af557586634479d56050a4b0b6f04054d2e39d2fc;msg.txt;d6ec6898de87ddac6e5b3611708a7aa1c2d298293349cc1a6c299a1db7149d38;key;jphide 00054.jpg 00054.jpg.jphide.1685305434.1933742.jpg msg.txt key;None
00039.jpg;21784a0f7ace0e203cfe7e54ef9c3b0f6b8bbffeb827f52a6b295dcddd7ef9dc;jphide;stego object created successfully;0:00:00.004246;00039.jpg.jphide.1685305434.1933742.jpg;03844756dbe2939bf10e4e31704c6ba82c8f5088a996d52e00343f9018c31d8d;msg.txt;d6ec6898de87ddac6e5b3611708a7aa1c2d298293349cc1a6c299a1db7149d38;key;jphide 00039.jpg 00039.jpg.jphide.1685305434.1933742.jpg msg.txt key;None
00041.jpg;4b0f5436ec3b205d0b7fd63136983f9c3f8820543b5bfefb56500731782e363e;jphide;stego object created successfully;0:00:00.004598;00041.jpg.jphide.1685305434.1933742.jpg;2e70c73e1ec148b284284ba9b1bdbb01be38190359d92243a3193364db06c753;msg.txt;d6ec6898de87ddac6e5b3611708a7aa1c2d298293349cc1a6c299a1db7149d38;key;jphide 00041.jpg 00041.jpg.jphide.1685305434.1933742.jpg msg.txt key;None
00043.jpg;077a806f744b267c2e3d402a4752e67e7e3bd359c88bc9029f9ff9be91f72e2b;jphide;stego object created successfully;0:00:00.004811;00043.jpg.jphide.1685305434.1933742.jpg;b4cee5969c8058ae8db3ccfbda33c29d57600cc2a40d487ea66788540f3662ff;msg.txt;d6ec6898de87ddac6e5b3611708a7aa1c2d298293349cc1a6c299a1db7149d38;key;jphide 00043.jpg 00043.jpg.jphide.1685305434.1933742.jpg msg.txt key;None
00107.jpg;429e59562560218947f2c0e5c9132bd5e28db5a2fbca31b731900418f4efedea;jphide;stego object created successfully;0:00:00.002328;00107.jpg.jphide.1685305434.1933742.jpg;1b59d1bb5bd76a2faec038c1121ddc24884a981abe21742f55cc38400fdcc35b;msg.txt;d6ec6898de87ddac6e5b3611708a7aa1c2d298293349cc1a6c299a1db7149d38;key;jphide 00107.jpg 00107.jpg.jphide.1685305434.1933742.jpg msg.txt key;None
00024.jpg;ed4506447f38fdca99e2cc2f2efd83785d73c06ede8e5256a2e38574d58b5562;jphide;stego object created successfully;0:00:00.003868;00024.jpg.jphide.1685305434.1933742.jpg;7ee3b125e699470eb39d2669a19adeec71c0f5b22764ee9ae7340c2d8732dcf3;msg.txt;d6ec6898de87ddac6e5b3611708a7aa1c2d298293349cc1a6c299a1db7149d38;key;jphide 00024.jpg 00024.jpg.jphide.1685305434.1933742.jpg msg.txt key;None
00058.jpg;b233a29daf16e60e802465c9d2fb3b7fa19773ac0819bd7abe17b02c454257c9;jphide;stego object created successfully;0:00:00.002309;00058.jpg.jphide.1685305434.1933742.jpg;98588d24dbbefef597aee89681bce945cf8dfe6fbed54bc8b62e1e02266a7674;msg.txt;d6ec6898de87ddac6e5b3611708a7aa1c2d298293349cc1a6c299a1db7149d38;key;jphide 00058.jpg 00058.jpg.jphide.1685305434.1933742.jpg msg.txt key;None
00061.jpg;709c7b0d26c681d19c31784e5ecef78e88e29b0bae9e69340233ed47696c138e;jphide;stego object created successfully;0:00:00.004319;00061.jpg.jphide.1685305434.1933742.jpg;1c67675460a73fe168855818086acb6d00fe38a1f60072a0412b3e0eec2e7302;msg.txt;d6ec6898de87ddac6e5b3611708a7aa1c2d298293349cc1a6c299a1db7149d38;key;jphide 00061.jpg 00061.jpg.jphide.1685305434.1933742.jpg msg.txt key;None
00106.jpg;6e0bf763346e0e84a861c5229b10e3bccecfb347526e73871cbb1e0c67aacfc5;jphide;stego object created successfully;0:00:00.004595;00106.jpg.jphide.1685305434.1933742.jpg;49ba230558ff2b57f6fb47f6745704ee3e46de895c497033611df101df64c6a2;msg.txt;d6ec6898de87ddac6e5b3611708a7aa1c2d298293349cc1a6c299a1db7149d38;key;jphide 00106.jpg 00106.jpg.jphide.1685305434.1933742.jpg msg.txt key;None
00025.jpg;d8c9f768a82c86567cffc96f78116ad8508c02a5f9da59c8c2a9ddc6f495f361;jphide;stego object created successfully;0:00:00.003558;00025.jpg.jphide.1685305434.1933742.jpg;8d4af01adc3de3d6565ddd251aaee82a0cd610f9d249c08aa3fb5b3748512611;msg.txt;d6ec6898de87ddac6e5b3611708a7aa1c2d298293349cc1a6c299a1db7149d38;key;jphide 00025.jpg 00025.jpg.jphide.1685305434.1933742.jpg msg.txt key;None
00023.jpg;9bc115cc7423e5173e0a6dd132b118da3cb61f9000535cd1c7ebdb924bc67536;jphide;stego object created successfully;0:00:00.005167;00023.jpg.jphide.1685305434.1933742.jpg;7a6824a86f06e7d5c799ae62b19064f794ddfe40eec09b0fbe082449c0145810;msg.txt;d6ec6898de87ddac6e5b3611708a7aa1c2d298293349cc1a6c299a1db7149d38;key;jphide 00023.jpg 00023.jpg.jphide.1685305434.1933742.jpg msg.txt key;None
00065.jpg;d1a201943fe695decf5eb792c4879acbaebfad19e3ba14a9614a465b12657caa;jphide;stego object created successfully;0:00:00.004948;00065.jpg.jphide.1685305434.1933742.jpg;620962f0dbdeb375eb685a8ca07c43284f8dcc78360d0d637753232d17a6d1e8;msg.txt;d6ec6898de87ddac6e5b3611708a7aa1c2d298293349cc1a6c299a1db7149d38;key;jphide 00065.jpg 00065.jpg.jphide.1685305434.1933742.jpg msg.txt key;None
00073.jpg;b0ef3b3d98c9ec3fa5211c7f5d815f5642a40e7627bb7d56506eb452662e4d7c;jphide;stego object created successfully;0:00:00.003383;00073.jpg.jphide.1685305434.1933742.jpg;048b29d3d918b36f00f3f6cec3ee6dd2c196a560d2397e9e6a1f9dd5d0cba732;msg.txt;d6ec6898de87ddac6e5b3611708a7aa1c2d298293349cc1a6c299a1db7149d38;key;jphide 00073.jpg 00073.jpg.jphide.1685305434.1933742.jpg msg.txt key;None
00048.jpg;1473a0472fa7e890ae51c5a7f5c88e724312da79959d4545188e918aa31672ff;jphide;stego object created successfully;0:00:00.002536;00048.jpg.jphide.1685305434.1933742.jpg;cab84252185ed1aa9b03a4426722003715c9786c0070ea60d794f414c575515c;msg.txt;d6ec6898de87ddac6e5b3611708a7aa1c2d298293349cc1a6c299a1db7149d38;key;jphide 00048.jpg 00048.jpg.jphide.1685305434.1933742.jpg msg.txt key;None
00099.jpg;63864e083c8b0c880fbbe3c40f120030f0661b1392e87e550d6ce4ff31adcbf6;jphide;stego object created successfully;0:00:00.004121;00099.jpg.jphide.1685305434.1933742.jpg;a6fb219f7adb1116ef5b0ba060f42ff7cfe93a1cc2837c7a20953e8ef93e8c5b;msg.txt;d6ec6898de87ddac6e5b3611708a7aa1c2d298293349cc1a6c299a1db7149d38;key;jphide 00099.jpg 00099.jpg.jphide.1685305434.1933742.jpg msg.txt key;None
00031.jpg;fadf56a2c764c83c3465ce584f5bb8289c85cbd2cd794e1d67e13833c82abf77;jphide;stego object created successfully;0:00:00.003772;00031.jpg.jphide.1685305434.1933742.jpg;3e34fc6e324f90b97e2a6c9139c86f8a3bb3e8856b72f6f25f3e9de5c94a3763;msg.txt;d6ec6898de87ddac6e5b3611708a7aa1c2d298293349cc1a6c299a1db7149d38;key;jphide 00031.jpg 00031.jpg.jphide.1685305434.1933742.jpg msg.txt key;None
00030.jpg;b8158ad0849e2d0eb3b81562f845a000149fc239802a722302d8efabfe9d0838;jphide;stego object created successfully;0:00:00.004188;00030.jpg.jphide.1685305434.1933742.jpg;3fd31a4523e770105873b55f5dae5c4bae49222c2dd8c966683b739cd7b9da49;msg.txt;d6ec6898de87ddac6e5b3611708a7aa1c2d298293349cc1a6c299a1db7149d38;key;jphide 00030.jpg 00030.jpg.jphide.1685305434.1933742.jpg msg.txt key;None
00076.jpg;fa00db31d80c16547b8f0c29959eb3760d1b4cc941a28d334964c1dcbb0a65de;jphide;stego object created successfully;0:00:00.005563;00076.jpg.jphide.1685305434.1933742.jpg;d84d3b8f7188164137eb7c2503c6a35623772e8bee70cf1302170fcea837e400;msg.txt;d6ec6898de87ddac6e5b3611708a7aa1c2d298293349cc1a6c299a1db7149d38;key;jphide 00076.jpg 00076.jpg.jphide.1685305434.1933742.jpg msg.txt key;None
00015.jpg;e249ca503fc1512cf8d1ad6ab662b57868c9d290fa7fdc1c4098132fd69799ad;jphide;stego object created successfully;0:00:00.005347;00015.jpg.jphide.1685305434.1933742.jpg;816fab404ede03584195adde2f941e74ef76e47bd06dd6b5d09d6d85ea22e151;msg.txt;d6ec6898de87ddac6e5b3611708a7aa1c2d298293349cc1a6c299a1db7149d38;key;jphide 00015.jpg 00015.jpg.jphide.1685305434.1933742.jpg msg.txt key;None
00079.jpg;b595da204e66f6ce663586c8e55056ac8172c4e7f65d883ed158a3d507cab99d;jphide;stego object created successfully;0:00:00.003621;00079.jpg.jphide.1685305434.1933742.jpg;693df14936ce14178b730e72a69439a81f70fe3bd0e97b723ac38ff4005247d5;msg.txt;d6ec6898de87ddac6e5b3611708a7aa1c2d298293349cc1a6c299a1db7149d38;key;jphide 00079.jpg 00079.jpg.jphide.1685305434.1933742.jpg msg.txt key;None
00052.jpg;e4dd94e8ba1578e7b6873e83c1089de0982afe5735c909896ff8f8d22ef5da17;jphide;stego object created successfully;0:00:00.005127;00052.jpg.jphide.1685305434.1933742.jpg;46f7ee52b8ff2fa1759d9da628f815eb3921eae033085a58d905386e91836e5c;msg.txt;d6ec6898de87ddac6e5b3611708a7aa1c2d298293349cc1a6c299a1db7149d38;key;jphide 00052.jpg 00052.jpg.jphide.1685305434.1933742.jpg msg.txt key;None
00072.jpg;6cf19ffa0744ea7db56fada10471bbb4643cbcd55e3f86775ad656d651667e03;jphide;stego object created successfully;0:00:00.003785;00072.jpg.jphide.1685305434.1933742.jpg;72c3d319e5e383e4fdd572d9b00ecb32f7392efc781d6fdadf9628da8fcf26d9;msg.txt;d6ec6898de87ddac6e5b3611708a7aa1c2d298293349cc1a6c299a1db7149d38;key;jphide 00072.jpg 00072.jpg.jphide.1685305434.1933742.jpg msg.txt key;None
00055.jpg;2affa854f798b8cd8283250fc68accba853ec1380fd5ba68f6982b7f8078ce30;jphide;stego object created successfully;0:00:00.003631;00055.jpg.jphide.1685305434.1933742.jpg;782532436e7b5bc68b95eaa6ed2d40fba391f02c582713304d25270143f9e432;msg.txt;d6ec6898de87ddac6e5b3611708a7aa1c2d298293349cc1a6c299a1db7149d38;key;jphide 00055.jpg 00055.jpg.jphide.1685305434.1933742.jpg msg.txt key;None
00069.jpg;861c4f9b5d855b1e98777282bbc7706a4e14a3759232215bb9e868e5ef6bcd38;jphide;stego object created successfully;0:00:00.002690;00069.jpg.jphide.1685305434.1933742.jpg;5dd1b7740ec58de707ed08a8f947e9cc6e76e604d0fd4ecf3ed412b44ec72697;msg.txt;d6ec6898de87ddac6e5b3611708a7aa1c2d298293349cc1a6c299a1db7149d38;key;jphide 00069.jpg 00069.jpg.jphide.1685305434.1933742.jpg msg.txt key;None
00013.jpg;a1ac9df3140906f9ef2f1dea28181a3333bdde7cd081c30bf3e023cf7fa9bbd3;jphide;stego object created successfully;0:00:00.007041;00013.jpg.jphide.1685305434.1933742.jpg;3a8b2f7b51ed0192a4cf022e10ca2d37ec6e1cdc1aae2ad2e5fbd5eaa8635224;msg.txt;d6ec6898de87ddac6e5b3611708a7aa1c2d298293349cc1a6c299a1db7149d38;key;jphide 00013.jpg 00013.jpg.jphide.1685305434.1933742.jpg msg.txt key;None
00003.jpg;a08ad5c7a5f0be95042d8cbcb5e487f95964427a1ca8948763fd10207ac7a327;jphide;stego object created successfully;0:00:00.003975;00003.jpg.jphide.1685305434.1933742.jpg;4dc065b54ba90a0392af5ffbad6e0993363e656ee8f39e1c48f298cd6ebb1886;msg.txt;d6ec6898de87ddac6e5b3611708a7aa1c2d298293349cc1a6c299a1db7149d38;key;jphide 00003.jpg 00003.jpg.jphide.1685305434.1933742.jpg msg.txt key;None
00081.jpg;53bb23f88908016ca4e7a8d795da6a1244d45989518cc89fc2999feb70b29774;jphide;stego object created successfully;0:00:00.004109;00081.jpg.jphide.1685305434.1933742.jpg;d96d29610e772bd62cd7993fb48734963107a2c86720d303f2e3ab3acabb7dac;msg.txt;d6ec6898de87ddac6e5b3611708a7aa1c2d298293349cc1a6c299a1db7149d38;key;jphide 00081.jpg 00081.jpg.jphide.1685305434.1933742.jpg msg.txt key;None
00046.jpg;6e0209bf04a1442fab3549ee4879a59df8a98f5ba8e8ec6a2e7caf2697bf3f6d;jphide;stego object created successfully;0:00:00.002108;00046.jpg.jphide.1685305434.1933742.jpg;d8708e388ade9e7fa6b5fae3fed538f86f2f2b5e5f15edb168678e0908e2954b;msg.txt;d6ec6898de87ddac6e5b3611708a7aa1c2d298293349cc1a6c299a1db7149d38;key;jphide 00046.jpg 00046.jpg.jphide.1685305434.1933742.jpg msg.txt key;None
00097.jpg;05bf666b2b7906175c45ec4686002b29da6a0f08a65dafc34abe0fa8c8947f3e;jphide;stego object created successfully;0:00:00.003793;00097.jpg.jphide.1685305434.1933742.jpg;7467986fa124f675eec80e4abb743d3aa135301bb7d85b932affce34d4164552;msg.txt;d6ec6898de87ddac6e5b3611708a7aa1c2d298293349cc1a6c299a1db7149d38;key;jphide 00097.jpg 00097.jpg.jphide.1685305434.1933742.jpg msg.txt key;None
00095.jpg;ae28c78bc7358e96b95e7784b2a35432f78323b6cb42d88d8f757340dd4b3a4d;jphide;stego object created successfully;0:00:00.004072;00095.jpg.jphide.1685305434.1933742.jpg;47114015b6be89e46709417ea59e77df40de56a6a4bff521fdd31f0886afdb54;msg.txt;d6ec6898de87ddac6e5b3611708a7aa1c2d298293349cc1a6c299a1db7149d38;key;jphide 00095.jpg 00095.jpg.jphide.1685305434.1933742.jpg msg.txt key;None
00105.jpg;6cdc356fc939f98a3ae2e296cbbbf60745fc68b3779c37dacc2d4e5ba079e0d0;jphide;stego object created successfully;0:00:00.003581;00105.jpg.jphide.1685305434.1933742.jpg;7c38dfd09dd1c7bc77f923b8942ddbbf84d91f1d6d4cdb9320331468e0138fdb;msg.txt;d6ec6898de87ddac6e5b3611708a7aa1c2d298293349cc1a6c299a1db7149d38;key;jphide 00105.jpg 00105.jpg.jphide.1685305434.1933742.jpg msg.txt key;None
00010.jpg;5274e3bc979010ff842def441b9eadea9809a86379873314723ceedbb5f5bf6c;jphide;stego object created successfully;0:00:00.005266;00010.jpg.jphide.1685305434.1933742.jpg;29887ee13e3ff818ce1faa4486d99f313adf9d0c06effc85f7b84e6133487dae;msg.txt;d6ec6898de87ddac6e5b3611708a7aa1c2d298293349cc1a6c299a1db7149d38;key;jphide 00010.jpg 00010.jpg.jphide.1685305434.1933742.jpg msg.txt key;None
00067.jpg;07cd491bade0719505f39c5db928fc2d67d70243aa7112b8403d7f222ff5a717;jphide;stego object created successfully;0:00:00.003589;00067.jpg.jphide.1685305434.1933742.jpg;8f124b4995dc7bd8dc6c4a0584cd5533e307b7b67a0d3bac20bf947367eedfef;msg.txt;d6ec6898de87ddac6e5b3611708a7aa1c2d298293349cc1a6c299a1db7149d38;key;jphide 00067.jpg 00067.jpg.jphide.1685305434.1933742.jpg msg.txt key;None
00014.jpg;50359ecd4b9d94c0c2de67cfb9ea23b42c5446f25d4a302a97b47770557b42a3;jphide;stego object created successfully;0:00:00.004749;00014.jpg.jphide.1685305434.1933742.jpg;b4d899749e6627a6d6b7f2c70130b80090449c6ca921f574e3fade501e847e91;msg.txt;d6ec6898de87ddac6e5b3611708a7aa1c2d298293349cc1a6c299a1db7149d38;key;jphide 00014.jpg 00014.jpg.jphide.1685305434.1933742.jpg msg.txt key;None
00085.jpg;75b6911dc78b2666f0433c15ba533864136a22269c5e0cf3f44d965fcf14df52;jphide;stego object created successfully;0:00:00.002972;00085.jpg.jphide.1685305434.1933742.jpg;29bbfc20c38c82553ee95f8819bc1db867ee1ed378653bb343dce5e51b3de9e6;msg.txt;d6ec6898de87ddac6e5b3611708a7aa1c2d298293349cc1a6c299a1db7149d38;key;jphide 00085.jpg 00085.jpg.jphide.1685305434.1933742.jpg msg.txt key;None
00062.jpg;5d1ea3600662f1429c06c3235d353c4bd05a28ee4a8514b1aaffc28a15e08030;jphide;stego object created successfully;0:00:00.002959;00062.jpg.jphide.1685305434.1933742.jpg;2a142e2ae85b85c0f2fd61b044673c6fb4f12b702ad14f5adafc6ed0e583f2fc;msg.txt;d6ec6898de87ddac6e5b3611708a7aa1c2d298293349cc1a6c299a1db7149d38;key;jphide 00062.jpg 00062.jpg.jphide.1685305434.1933742.jpg msg.txt key;None
00108.jpg;954d8a74e946eaa275b847b9e7cb7e95c05126a1cd425a7473f41e55729a085c;jphide;stego object created successfully;0:00:00.002762;00108.jpg.jphide.1685305434.1933742.jpg;aa0127849b2c8cb8db5db3606009b2b6924ea0eb80f64a893934dc2bd7a0df21;msg.txt;d6ec6898de87ddac6e5b3611708a7aa1c2d298293349cc1a6c299a1db7149d38;key;jphide 00108.jpg 00108.jpg.jphide.1685305434.1933742.jpg msg.txt key;None
00037.jpg;74bc17a2e6e0cd3d3dbb306582d19cedb44d5c04edc0606448cde9e5c09661c7;jphide;stego object created successfully;0:00:00.003632;00037.jpg.jphide.1685305434.1933742.jpg;1f683b893ac3ec244b585e3e180689b4fdaacbd6724373fe8084b7c227d5362f;msg.txt;d6ec6898de87ddac6e5b3611708a7aa1c2d298293349cc1a6c299a1db7149d38;key;jphide 00037.jpg 00037.jpg.jphide.1685305434.1933742.jpg msg.txt key;None
00017.jpg;692a9880ff907a6221e42e3c11f70169a296595bbe5b575c03dcca4ec56254d5;jphide;stego object created successfully;0:00:00.006770;00017.jpg.jphide.1685305434.1933742.jpg;712fcb574fc554fb3c1759bded448400e6de4b4a10e3244086991202b21d6d2b;msg.txt;d6ec6898de87ddac6e5b3611708a7aa1c2d298293349cc1a6c299a1db7149d38;key;jphide 00017.jpg 00017.jpg.jphide.1685305434.1933742.jpg msg.txt key;None
00040.jpg;af0c8f0184062f2e4d2c24ccc1c0860167dc6675727f732a6c28edf84bf813cd;jphide;stego object created successfully;0:00:00.006324;00040.jpg.jphide.1685305434.1933742.jpg;8c0a18f3997fdbb39bde6afd38af4d5daa23f94a8dd6fd1dfa96f35672f48d88;msg.txt;d6ec6898de87ddac6e5b3611708a7aa1c2d298293349cc1a6c299a1db7149d38;key;jphide 00040.jpg 00040.jpg.jphide.1685305434.1933742.jpg msg.txt key;None
00050.jpg;c4784ad55556c5312d869f4c3720f19d68be4e057ca15bd29dd1362df2279b51;jphide;stego object created successfully;0:00:00.003479;00050.jpg.jphide.1685305434.1933742.jpg;b04842077e08be5344e22278c21702cc5b1102e72d0975d98ac584a12b162308;msg.txt;d6ec6898de87ddac6e5b3611708a7aa1c2d298293349cc1a6c299a1db7149d38;key;jphide 00050.jpg 00050.jpg.jphide.1685305434.1933742.jpg msg.txt key;None
